<?xml version="1.0" encoding="UTF-8"?>
<beans xmlns="http://www.springframework.org/schema/beans"
       xmlns:xsi="http://www.w3.org/2001/XMLSchema-instance"
       xmlns:tx="http://www.springframework.org/schema/tx"
       xmlns:jdbc="http://www.springframework.org/schema/jdbc"
       xmlns:p="http://www.springframework.org/schema/p"
       xmlns:mybatis="http://mybatis.org/schema/mybatis-spring"
       xmlns:context="http://www.springframework.org/schema/context"
       xmlns:mvc="http://www.springframework.org/schema/mvc"
       xsi:schemaLocation="
       	http://mybatis.org/schema/mybatis-spring http://mybatis.org/schema/mybatis-spring.xsd
       	http://www.springframework.org/schema/jdbc http://www.springframework.org/schema/jdbc/spring-jdbc.xsd
     	http://www.springframework.org/schema/tx http://www.springframework.org/schema/tx/spring-tx.xsd
        http://www.springframework.org/schema/beans
        http://www.springframework.org/schema/beans/spring-beans.xsd
        http://www.springframework.org/schema/mvc
        http://www.springframework.org/schema/mvc/spring-mvc.xsd
        http://www.springframework.org/schema/context
        http://www.springframework.org/schema/context/spring-context.xsd">
    <context:component-scan base-package="z.talent"/>
    <!-- 上次文件 -->
    <bean id="multipartResolver" class="org.springframework.web.multipart.commons.CommonsMultipartResolver">
	    <property name="defaultEncoding" value="utf-8"/>
	    <property name="maxUploadSize" value="#{1024*1024}"/>
	</bean>
	<!-- 配置spring mybatis实务 -->
	<bean id="transactionManager"
		class="org.springframework.jdbc.datasource.DataSourceTransactionManager">
		<!-- 注入数据库连接池 -->
		<property name="dataSource" ref="dataSource" />
	</bean>
	<tx:annotation-driven transaction-manager="transactionManager" />
    <mvc:annotation-driven/>
	<!-- 静态资源 image javascirpt css 不设置这个url访问image/*.png 肯定返回404 因为没写这个给controller处理里面并没有处理这个当然返回404-->
	<mvc:resources location="/WEB-INF/resource/" mapping="/resource/**"
                   cache-period="864000" />
 	<!-- 视图设置 -->
    <bean class="org.springframework.web.servlet.view.InternalResourceViewResolver">
        <property name="prefix" value="/WEB-INF/jsp/"/>
        <property name="suffix" value=".jsp"/>
    </bean>
    
    <!-- 获取配置文件 -->
    <bean id="config"
       class="org.springframework.beans.factory.config.PropertyPlaceholderConfigurer">
       <property name="locations">
           <list>
              <value>classpath:db.properties</value>
           </list>
       </property>
    </bean>
    
    
    <!-- 获取数据源 -->
    <bean id="dataSource" class="org.apache.commons.dbcp.BasicDataSource">
       <property name="driverClassName">
           <value>${mysql.driver}</value>
       </property>
       <property name="url">
           <value>${mysql.url}</value>
       </property>
       <property name="username">
           <value>${mysql.username}</value>
       </property>
       <property name="password">
           <value>${mysql.password}</value>
       </property>
    </bean>
    
    <!-- Mybatis数据源 -->
    <bean id="sqlSessionFactory" class="org.mybatis.spring.SqlSessionFactoryBean">
  		<property name="dataSource" ref="dataSource" />
  		<property name="mapperLocations" value="classpath:mapper/*.xml" />
	</bean>
    
    <!-- 4.配置扫描Dao接口包，动态实现Dao接口，注入到spring容器中 -->
	<bean class="org.mybatis.spring.mapper.MapperScannerConfigurer">
		<!-- 注入sqlSessionFactory -->
		<property name="sqlSessionFactoryBeanName" value="sqlSessionFactory" />
		<!-- 给出需要扫描Dao接口包 -->
		<property name="basePackage" value="z.talent.tengyu.mapper" />
	</bean>
    
    
    <!-- 配置拦截器 -->
	<mvc:interceptors>
		<!-- 多个拦截器，按顺序执行 -->
		<mvc:interceptor>
			<mvc:mapping path="/admin/**" /> <!-- 表示拦截所有的url包括子url路径 -->
			<mvc:exclude-mapping path="/admin/login" />
			<bean class="z.talent.tengyu.interceptor.AdminInterceptor" />
		</mvc:interceptor>
	</mvc:interceptors>

</beans>